{
  "boundary":
  {
    "area": 3187.83951,
    "avg_pt_per_sq_unit": 0.1868896767,
    "avg_pt_spacing": 0.2495927861,
    "boundary": "MULTIPOLYGON (((686730.32 9190533.6,686736.32 9190533.6,686738.32 9190535.3,686745.32 9190535.3,686748.32 9190533.6,686751.82 9190536.2,686757.32 9190535.3,686760.82 9190537.9,686763.32 9190537.0,686766.82 9190539.6,686769.32 9190538.8,686774.32 9190542.2,686776.82 9190541.4,686788.82 9190548.3,686789.32 9190550.9,686790.82 9190548.3,686793.32 9190549.2,686793.82 9190557.0,686790.82 9190558.7,686790.32 9190563.0,686784.32 9190559.6,686778.82 9190560.4,686780.32 9190563.0,686780.32 9190568.2,686778.32 9190569.9,686775.32 9190568.2,686771.32 9190568.2,686770.82 9190570.8,686768.32 9190569.9,686769.82 9190572.5,686773.82 9190570.8,686774.32 9190573.4,686777.32 9190573.4,686770.82 9190584.7,686766.82 9190586.4,686766.32 9190583.8,686762.32 9190582.1,686760.32 9190578.6,686757.32 9190580.3,686754.82 9190579.5,686752.82 9190581.2,686750.32 9190580.3,686749.82 9190584.7,686746.82 9190586.4,686746.82 9190589.9,686739.82 9190586.4,686741.32 9190590.7,686738.32 9190592.5,686736.32 9190589.0,686731.82 9190586.4,686733.82 9190584.7,686731.82 9190582.9,686731.82 9190579.5,686726.32 9190580.3,686718.32 9190575.1,686716.82 9190577.7,686714.32 9190578.6,686712.32 9190575.1,686715.82 9190572.5,686712.82 9190572.5,686710.82 9190570.8,686712.82 9190567.4,686710.82 9190565.6,686711.32 9190563.0,686706.32 9190556.1,686706.82 9190553.5,686703.32 9190547.4,686703.82 9190543.1,686717.32 9190535.3,686721.32 9190537.0,686724.82 9190534.4,686727.32 9190535.3,686730.32 9190533.6),(686729.32 9190552.6,686728.82 9190551.8,686730.32 9190550.9,686730.32 9190552.6,686729.32 9190552.6),(686772.82 9190558.7,686772.32 9190556.1,686773.82 9190555.2,686775.82 9190558.7,686775.32 9190561.3,686772.82 9190558.7),(686756.32 9190566.5,686754.32 9190568.2,686754.32 9190571.7,686750.32 9190571.7,686748.32 9190569.9,686753.32 9190566.5,686752.82 9190560.4,686754.32 9190559.6,686756.32 9190563.0,686761.82 9190562.2,686762.32 9190566.5,686760.82 9190569.1,686764.82 9190569.1,686766.82 9190570.8,686759.32 9190571.7,686759.32 9190568.2,686756.32 9190566.5),(686729.32 9190573.4,686729.32 9190569.9,686730.82 9190572.5,686735.32 9190569.9,686739.82 9190572.5,686742.82 9190570.8,686744.32 9190571.7,686743.82 9190574.3,686738.32 9190573.4,686734.82 9190576.0,686729.32 9190573.4),(686730.82 9190577.7,686728.82 9190577.7,686731.82 9190576.0,686731.82 9190577.7,686730.82 9190577.7),(686769.82 9190579.5,686769.32 9190580.3,686767.82 9190579.5,686770.82 9190577.7,686769.82 9190579.5),(686765.32 9190580.3,686763.32 9190580.3,686766.32 9190578.6,686766.32 9190580.3,686765.32 9190580.3)),((686760.32 9190582.1,686760.82 9190582.9,686759.32 9190583.8,686759.32 9190582.1,686760.32 9190582.1)))",
    "boundary_json": { "type": "MultiPolygon", "coordinates": [ [ [ [ 686730.32, 9190533.576679 ], [ 686736.32, 9190533.576679 ], [ 686738.32, 9190535.308729810640216 ], [ 686745.32, 9190535.308729810640216 ], [ 686748.32, 9190533.576679 ], [ 686751.82, 9190536.174755210056901 ], [ 686757.32, 9190535.308729810640216 ], [ 686760.82, 9190537.906806020066142 ], [ 686763.32, 9190537.040780620649457 ], [ 686766.82, 9190539.638856830075383 ], [ 686769.319999990053475, 9190538.772831430658698 ], [ 686774.319999990053475, 9190542.236933039501309 ], [ 686776.819999990053475, 9190541.370907640084624 ], [ 686788.819999990053475, 9190548.299110870808363 ], [ 686789.319999990053475, 9190550.897187080234289 ], [ 686790.819999990053475, 9190548.299110870808363 ], [ 686793.319999990053475, 9190549.165136270225048 ], [ 686793.819999990053475, 9190556.959364900365472 ], [ 686790.819999990053475, 9190558.691415710374713 ], [ 686790.319999990053475, 9190563.02154272980988 ], [ 686784.319999990053475, 9190559.557441119104624 ], [ 686778.819999990053475, 9190560.423466520383954 ], [ 686780.319999990053475, 9190563.02154272980988 ], [ 686780.319999990053475, 9190568.217695150524378 ], [ 686778.319999990053475, 9190569.949745960533619 ], [ 686775.319999990053475, 9190568.217695150524378 ], [ 686771.319999990053475, 9190568.217695150524378 ], [ 686770.819999990053475, 9190570.81577136926353 ], [ 686768.319999990053475, 9190569.949745960533619 ], [ 686769.819999990053475, 9190572.547822169959545 ], [ 686773.819999990053475, 9190570.81577136926353 ], [ 686774.319999990053475, 9190573.413847580552101 ], [ 686777.319999990053475, 9190573.413847580552101 ], [ 686770.819999990053475, 9190584.672177830711007 ], [ 686766.82, 9190586.404228629544377 ], [ 686766.32, 9190583.806152420118451 ], [ 686762.32, 9190582.07410161010921 ], [ 686760.32, 9190578.61 ], [ 686757.32, 9190580.342050809413195 ], [ 686754.82, 9190579.476025400683284 ], [ 686752.82, 9190581.208076210692525 ], [ 686750.32, 9190580.342050809413195 ], [ 686749.82, 9190584.672177830711007 ], [ 686746.82, 9190586.404228629544377 ], [ 686746.82, 9190589.86833024956286 ], [ 686739.82, 9190586.404228629544377 ], [ 686741.32, 9190590.73435565084219 ], [ 686738.32, 9190592.466406460851431 ], [ 686736.32, 9190589.002304840832949 ], [ 686731.82, 9190586.404228629544377 ], [ 686733.82, 9190584.672177830711007 ], [ 686731.82, 9190582.940127020701766 ], [ 686731.82, 9190579.476025400683284 ], [ 686726.320000009960495, 9190580.342050809413195 ], [ 686718.320000009960495, 9190575.145898379385471 ], [ 686716.820000009960495, 9190577.743974599987268 ], [ 686714.320000009960495, 9190578.61 ], [ 686712.320000009960495, 9190575.145898379385471 ], [ 686715.820000009960495, 9190572.547822169959545 ], [ 686712.820000009960495, 9190572.547822169959545 ], [ 686710.820000009960495, 9190570.81577136926353 ], [ 686712.820000009960495, 9190567.351669749245048 ], [ 686710.820000009960495, 9190565.619618939235806 ], [ 686711.320000009960495, 9190563.02154272980988 ], [ 686706.320000009960495, 9190556.093339499086142 ], [ 686706.820000009960495, 9190553.495263289660215 ], [ 686703.320000009960495, 9190547.433085460215807 ], [ 686703.820000009960495, 9190543.10295844078064 ], [ 686717.320000009960495, 9190535.308729810640216 ], [ 686721.320000009960495, 9190537.040780620649457 ], [ 686724.820000009960495, 9190534.442704409360886 ], [ 686727.320000009960495, 9190535.308729810640216 ], [ 686730.32, 9190533.576679 ] ], [ [ 686729.32, 9190552.62923789024353 ], [ 686728.82, 9190551.763212479650974 ], [ 686730.32, 9190550.897187080234289 ], [ 686730.32, 9190552.62923789024353 ], [ 686729.32, 9190552.62923789024353 ] ], [ [ 686772.819999990053475, 9190558.691415710374713 ], [ 686772.319999990053475, 9190556.093339499086142 ], [ 686773.819999990053475, 9190555.227314099669456 ], [ 686775.819999990053475, 9190558.691415710374713 ], [ 686775.319999990053475, 9190561.289491919800639 ], [ 686772.819999990053475, 9190558.691415710374713 ] ], [ [ 686756.32, 9190566.485644349828362 ], [ 686754.32, 9190568.217695150524378 ], [ 686754.32, 9190571.68179677054286 ], [ 686750.32, 9190571.68179677054286 ], [ 686748.32, 9190569.949745960533619 ], [ 686753.32, 9190566.485644349828362 ], [ 686752.82, 9190560.423466520383954 ], [ 686754.32, 9190559.557441119104624 ], [ 686756.32, 9190563.02154272980988 ], [ 686761.82, 9190562.155517330393195 ], [ 686762.32, 9190566.485644349828362 ], [ 686760.82, 9190569.083720559254289 ], [ 686764.82, 9190569.083720559254289 ], [ 686766.82, 9190570.81577136926353 ], [ 686759.32, 9190571.68179677054286 ], [ 686759.32, 9190568.217695150524378 ], [ 686756.32, 9190566.485644349828362 ] ], [ [ 686729.32, 9190573.413847580552101 ], [ 686729.32, 9190569.949745960533619 ], [ 686730.82, 9190572.547822169959545 ], [ 686735.32, 9190569.949745960533619 ], [ 686739.82, 9190572.547822169959545 ], [ 686742.82, 9190570.81577136926353 ], [ 686744.32, 9190571.68179677054286 ], [ 686743.82, 9190574.279872979968786 ], [ 686738.32, 9190573.413847580552101 ], [ 686734.82, 9190576.011923789978027 ], [ 686729.32, 9190573.413847580552101 ] ], [ [ 686730.82, 9190577.743974599987268 ], [ 686728.82, 