{
    "dji fc1102 1024 768 brown 0.6944 rgb": {
        "p2": -0.004509758136537399, 
        "p1": -1.809337471502523e-05, 
        "width": 1024, 
        "projection_type": "brown", 
        "height": 768, 
        "k3": -0.023271253208844593, 
        "k2": -0.017966584271852253, 
        "k1": 0.02180695805502804, 
        "focal_y": 0.6910287809497802, 
        "focal_x": 0.6910287809497802, 
        "c_y": -0.00452129119858372, 
        "c_x": -0.004199585116559047
    }
}